Name of application;Domains;Website;Where it works;TRL level;Disease;Link AppStore;Link Google Play;Icon App Link;Description
Instant Heart Rate;Cardiovascular Health;https://www.instantheartrate.com/;Web, Android  & iOS;9;Cardio;https://apps.apple.com/us/app/instant-heart-rate-hr-monitor/id409625068;https://play.google.com/store/apps/details?id=si.modula.android.instantheartrate&hl=en;https://play-lh.googleusercontent.com/NnmvgHsO6G2crYFDv7zZ0yQ9Ik2YUGt7c8ZchSNMtvYdGkAqE3I4hQsczBqwwllciw=w240-h480-rw;Instant Heart Rate is a simple app that uses your phone's camera to measure heart rate. While it doesn't offer a full set of features, it is useful for quick and easy heart rate monitoring.
7 Cups;Mental Health and Emotional Support;https://www.7cups.com/;Web, Android & iOS;9;Mental Health;https://apps.apple.com/us/app/7-cups-online-therapy-chat/id921814681;https://play.google.com/store/apps/details?id=com.sevencupsoftea.app&hl=en_US;https://play-lh.googleusercontent.com/vtkK69J_JMkUcDweuZJfDLdapkmdqnnp5h2-PCv4u2iNY9oCEk-C3sSERBpf-RZ4-xI=w240-h480-rw;It provides emotional support through trained volunteers and access to professional counselors. Features: Anonymous chat with trained listeners, access to professional counselors, support communities.
8fit;Health and Fitness;https://8fit.com/;Web, Android & iOS;9;Prevention;https://play.google.com/store/apps/details?id=com.eightfit.app&hl=en_US;https://apps.apple.com/us/app/8fit-workouts-meal-planner/id866617777;https://play-lh.googleusercontent.com/dyJyF3MfJqgzuDJPjm-bwQiDavJRV-3Gt96AWvxDNXLfhZUiZJaTcmp-14Mk9xM_CQ=w240-h480-rw;It offers workout and nutrition plans for a healthy lifestyle.
AbleTo;Support;https://member.ableto.com/mental-health-support/?utm_source=sanvello;Web, Android & iOS;TRL 9;Mental Health;https://apps.apple.com/us/app/ableto/id1065052030;https://play.google.com/store/apps/details?id=com.joyable.joyableApp;https://play-lh.googleusercontent.com/rfmLgculRXR_qfWLn0gvsEc1tPfJusSTJfKjnW-fUUQwx1klhXbXLd6PEyrOEsbvgf_H=w240-h480-rw;AbleTo is a virtual behavioral health company that provides therapy and coaching services aimed at improving mental and physical health.
ACS CARES;Resurces, Education and Support;https://www.cancer.org/support-programs-and-services/acs-cares.html;Web, Android & iOS;TRL 8;Cancer;ACS CARES on the App Store;ACS CARES - Apps on Google Play;https://play-lh.googleusercontent.com/JmYfjSjZdx3Hqbc-hehdMCHz_Aj1kqjgIT63uL3an1FyCmnEHKYItS7OUNauQvSRyi0=w240-h480-rw;ACS CARES (Cancer Assessment, Research, and Evaluation System) is a platform supporting cancer patients, healthcare providers and researchers. The system provides tools for assessing cancer symptoms, tracking treatment outcomes, and conducting research to improve cancer care.
Ada Health;medical guide;https://ada.com/ro/app/;Web, Android & iOS;around TRL 9;Prevention;https://apps.apple.com/ro/app/ada-verific%C4%83-%C8%9Bi-s%C4%83n%C4%83tatea/id1099986434?l=ro;https://play.google.com/store/apps/details?id=com.ada.app;https://play-lh.googleusercontent.com/RIDwiGirZqKSob0OdN8MPnFl8r_UJo8WPB083v3tw9I7O99N9lKIsl9F4quLENlgrbw=w240-h480-rw;No matter what's bothering you, from aches, migraines or allergies, Ada's free symptom checker can help you find answers.
Aetna;manage health benefits;https://www.aetna.com/individuals-families/using-your-aetna-benefits/aetna-mobile.html;Web, Android & iOS;around TRL 9;Prevention;https://apps.apple.com/us/app/aetna-health/id1261033071;https://play.google.com/store/apps/details?id=com.aetna.aetnahealth;https://play-lh.googleusercontent.com/yz4nfXGtxkK-1MjQt5CsuktN_kNYQvXeQUmc2oPesCGF0ljYoF8uP-SZCr8Z6f_Fb8s=w240-h480-rw;The Aetna Health app helps you stay on top of your health. All when and where it works best for you, 24/7.
AliveCor;diagnostic;https://www.alivecor.com/;Web, Android & iOS;TRL 9;Cardio;https://apps.apple.com/us/developer/alivecor-inc/id546535893;https://play.google.com/store/apps/details?id=com.alivecor.aliveecg&hl=en_US;https://play-lh.googleusercontent.com/WYIp8_w9gWcg_cnDiCWX_WgVxTp9w6ZrEkCVUxN-EBQOYVOcnsXtJ5c7Sipwd8bqv8g=w240-h480-rw;The Kardia app is designed to make managing heart care from home easier than ever, giving you the ability to seamlessly record EKGs, share heart data with your doctor remotely, keep track of your health history, and more.
AMJ Wellness;wellness tips, tricks, stress relief techniques, and statistics;https://www.tekrevol.com/case-studies/amj-wellness;Web, Android & iOS;around TRL 9;Prevention;https://apps.apple.com/us/app/ww-workplace-wellness/id1568732986;https://play.google.com/store/apps/details?id=com.app.workplacewellness;https://play-lh.googleusercontent.com/HkLRxotdUQKXCs0cGnZ6iOljnv-4kc-KZWMDDQtTK2XlhTeWDWUa5XwiXk5zVJuCQhp3=w240-h480-rw;Workplace Wellness is a holistic wellness application for the enterprise. Employers can offer their employees a cost-effective app that helps with physical, mental and social health.
Amwell;Doctor Visits;https://business.amwell.com/;Web, Android & iOS;around TRL 9;Prevention;https://apps.apple.com/us/app/amwell-doctor-visits-24-7/id655783752;-;https://is1-ssl.mzstatic.com/image/thumb/Purple211/v4/a3/04/e5/a304e56d-1b1d-ddf9-df06-12ed83ebc5f2/AppIcon-0-0-1x_U007emarketing-0-7-0-0-85-220.png/246x0w.webp;Amwell is the best way to see a doctor from home or on-the-go. Our telehealth app connects you to board-certified, experienced medical providers.
Apple Health;monitoring sleep, food, activity, symthoms, heart rate & respiration;-;iOS;TRL 9;Cardio;https://www.apple.com/ios/health/;-;https://is1-ssl.mzstatic.com/image/thumb/Purple126/v4/2c/f2/65/2cf26599-45d2-1b5c-cea0-6b0bef3c0667/AppIcon-0-0-1x_U007epad-0-0-0-10-0-0-sRGB-0-0-0-GLES2_U002c0-512MB-85-220-0-0.png/246x0w.webp;Get helpful new insights in mental and vision health.
Beat Diabetes;Manage and prevent diabetes;https://beatdiabetesapp.in/;Web & iOS;TRL 9;Diabet;https://apps.apple.com/us/app/beat-diabetes/id1512798412 ;-;https://is1-ssl.mzstatic.com/image/thumb/Purple113/v4/8b/b0/8b/8bb08b36-d2fe-d5f6-4d4a-0f23d2b29464/AppIcon-1x_U007emarketing-0-7-85-220.png/230x0w.webp;It is an application designed to help individuals manage and prevent diabetes through tracking tools, educational resources, and personalized insights. The app focuses on promoting healthy lifestyle choices, such as proper nutrition, regular physical activity, and medication adherence.
Belong: Beating Cancer Together;Cancer Care, with a Focus on Community Support and Patient Education;https://cancer.belong.life/;Web, Android & iOS;8;Cancer;https://apps.apple.com/gb/app/belong-beating-cancer-together/id1026738945;https://play.google.com/store/apps/details?id=com.belongtail.belong&hl=en;https://play-lh.googleusercontent.com/QQIffRDbxzEdqnWmzpAdGuDUu8obO8aBJEWoHXzu60l9ng3Z-FUvnbcKDmHPlhAArNx8=w240-h480-rw;It provides support and resources for cancer patients and their families.
BetterHelp;Mental Health, with a Focus on Online Therapy and Counseling;https://www.betterhelp.com/;Web, Android & iOS;9;Mental Health;https://apps.apple.com/us/app/betterhelp-therapy/id995252384;https://play.google.com/store/apps/details?id=com.betterhelp&hl=en_US;https://play-lh.googleusercontent.com/vkuckCZpasMeQNGhnbzFCnwBi5TRY39O96zMG6d_aSmxLAXzrHxvfjOFNXnqZBha8Ds=w240-h480-rw;It provides access to online therapy with professional counselors.
BetterMe: Mental Health;Mental Health;https://betterme.world/product/meditation;Web, Android & iOS;TRL 8;Mental Health;BetterMe: Mental Health on the App Store;BetterMe: Mental Health - Apps on Google Play;https://play-lh.googleusercontent.com/tp4TcuVsZ8k-0h0tbqDKx4sGhsHHO1-gErs4P4rTSMdCJPUr7E8UB2tddfHRbB51vw=w240-h480-rw;BetterMe: Mental Health offers guided exercises, mood tracking, and self-improvement tools. It aims to enhance emotional well-being with features like mental health assessments, relaxation techniques, and educational content.
Big Health;Mental Health, Digital Therapeutics;https://www.bighealth.com/;Web;8;Mental Health;-;-;https://cdn.prod.website-files.com/659879cae2df32d85f9472e1/659cb59f5d18debbb1e7bc8f_bighealthlogo-removebg-preview%20(1)-p-500.png;Big Health offers digital therapeutic programs like Sleepio and Daylight to manage insomnia and anxiety.
Biobeat;Cardiovascular and Vital Signs Monitoring;https://www.bio-beat.com/;Web, Android & iOS;7-8;Cardio;https://play.google.com/store/apps/details?id=cloud.biobeat.HOME_CARE_PATCH&hl=en_US;https://play.google.com/store/apps/details?id=cloud.biobeat.STUDY_COLLECT&hl=en_US;https://static.wixstatic.com/media/cb6be9_08c7c630e97d428db9b7ea8f216dd510~mv2.png/v1/crop/x_125,y_133,w_441,h_266/fill/w_125,h_70,al_c,q_85,usm_0.66_1.00_0.01,enc_auto/Biobeat%20logo_2x.png;Biobeat provides a wearable device that monitors cardiovascular and vital signs, including heart rate, blood pressure, and oxygen levels.
Blood Sugar Diary for Diabetes;Blood Glucose Tracking, Activity Tracking, Reports and Charts;-;Web, Android & iOS;TRL 7;Diabet;Blood Sugar Diary for Diabetes on the App Store;Blood Sugar Diary for Diabetes - Apps on Google Play;https://is1-ssl.mzstatic.com/image/thumb/Purple221/v4/64/71/cb/6471cbe3-931b-61f4-7f2c-bf3daf59da84/AppIcon-0-0-1x_U007epad-0-85-220.png/246x0w.webp;Blood Sugar Diary for Diabetes is an app that helps users log and monitor blood glucose levels, track medication, record meals, and manage physical activity.
BlueLoop;Health, Diabetes Management;https://blueloop.mycareconnect.com/;Web, Android & iOS;8;Diabet;https://apps.apple.com/us/app/blueloop/id457845904;https://play.google.com/store/apps/details?id=com.blueloop3.mycareconnect&hl=en_US;https://play-lh.googleusercontent.com/v5MZ5AgsdngvwZLHtb-sa-24Sab5nSb5Um1_IKVCAPKWdH21qKXLgPvAWUrN3iqd8LFH=w240-h480-rw;It allows users to record blood glucose levels, insulin doses, and other data. Features include data sharing with family and the medical team, reminders, and activity logs.
BlueZone;Prevention;-;Android & iOS;TRL 8;Prevention;https://apps.apple.com/us/app/bluezone/id1616849310;https://play.google.com/store/apps/details?id=net.senkron.lapis.bluezone&hl=en_US;https://is1-ssl.mzstatic.com/image/thumb/Purple221/v4/02/99/de/0299defb-f413-2ec1-4530-78da53a861ba/AppIcon-0-0-1x_U007emarketing-0-0-0-10-0-0-sRGB-0-0-0-GLES2_U002c0-512MB-85-220-0-0.png/246x0w.webp;This app focuses on preventing the spread of infectious diseases through contact tracing and exposure notifications. It uses Bluetooth technology to alert users if they've been in close contact with someone who has tested positive for a contagious illness, such as COVID-19. By providing timely notifications and guidance on preventive measures, BlueZone helps users reduce the risk of disease transmission and protect public health.
Breathe2Relax;support;-;Android & iOS;TRL 8;Mental Health;https://apps.apple.com/us/app/breathe2relax/id425720246;https://play.google.com/store/apps/details?id=mil.dha.breathe2relax;https://is1-ssl.mzstatic.com/image/thumb/Purple115/v4/c8/8c/5d/c88c5d21-e63d-5c55-d032-7317be0c0d25/AppIcon-1x_U007emarketing-85-220-0-8.png/230x0w.webp;It is a mobile app designed to help users manage stress and anxiety through guided breathing exercises.It is a tool for improving emotional and physical well-being.
Calcium;Medical Data - real-time updates, progress reports and care team alerts;https://www.calciumhealth.com/;Web, Android & iOS;TRL 9;Prevention;https://apps.apple.com/us/app/calcium-health-guide/id1456672044;https://play.google.com/store/apps/details?id=com.myhealthchampion.mobile&hl=en_IN;https://play-lh.googleusercontent.com/GcKw8wf91VJWpzAmjjZ_lsZkL_XsfXyWpD_HfOk8kNVaVVDnfj0BVgcGhIymelcyyA=w240-h480-rw;Calcium is a health & medical app that pulls in your health data from hospitals & health systems – and many of the top fitness and medical devices (including Fitbit and Apple Health).
Calm;support;https://www.calm.com/;Web, Android & iOS;TRL 9;Mental Health;https://apps.apple.com/us/app/calm/id571800810;https://play.google.com/store/apps/details?id=com.calm.android;https://play-lh.googleusercontent.com/S76GphUu2pZa249td2Bb4XAhLcPRrFdL1zp_5qU1ouukvRq9r0-8jJ-CruaTtdT6g84=w240-h480-rw;It is a popular platform focused on mental well-being, particularly through mindfulness, meditation, and sleep enhancement.
Cancer Exercise;Providing exercise programs;-;Android & iOS;around TRL 7;Cancer;https://apps.apple.com/us/app/cancer-exercise/id1520696105;https://play.google.com/store/apps/details?id=com.inspiringapps.cancerexercise;https://play-lh.googleusercontent.com/AsiBqAAI2uN3m0KC7baGxRL1tIDk6lNBVUTrQiW5f__Nz3ag8VKRTz73dqonwiqMFBeB=w240-h480-rw  ;It focuses on providing exercise programs and resources tailored for individuals undergoing cancer treatment or recovery. Exercise is a crucial part of cancer care, helping to manage symptoms, improve physical function, and enhance overall well-being.
Cancer Support Community;Support cancer patients;https://www.mycarecrew.com/lander  ;Web & Android;TRL8;Cancer;-;https://play.google.com/store/apps/details?id=com.mycarecrew  ;https://play-lh.googleusercontent.com/MR5ctXCz2TKYCarxIcTllaqhO1imRu-CVq-VOrAo5E9PQY526BJAgIYDVONW4Gqs8Q=w240-h480-rw  ;It is an application designed to help cancer patients, their families, and caregivers manage and coordinate care throughout the cancer journey. It focuses on providing support, communication tools, and resources to assist in managing cancer care effectively.
CancerAid;Support cancer patients;https://osarahealth.com/;Web, Android & iOS;around TRL 7;Cancer;https://apps.apple.com/us/app/canceraid/id1138574844  ;https://play.google.com/store/apps/details?id=au.com.canceraid  ;https://play-lh.googleusercontent.com/usO9KiJhyQx-Ohhodg5mSCzqoGU1XWnDWVwR7VJiqDACW8iSiCUO2a9p-cpXTx3dd3Q=w240-h480-rw;It is an app designed to support cancer patients and their caregivers by providing tools and resources for managing cancer care. It offers features that help patients track their treatment progress, manage symptoms, and connect with a community of support.
Cardi Health;CVD;https://cardi.health/;Web, Android & iOS;TRL 8;Cardio;Cardi Health: Heart Health App on the App Store;Cardi Health: Heart Monitoring - Apps on Google Play;https://play-lh.googleusercontent.com/18S_4TSTs86WMiBIoENeYnHJ6iZJ_ElXSXS719BcsC5MJMt0G11TLH5WCG2VjawSmRc=w240-h480-rw;Cardi Health is a digital health platform focused on cardiovascular health. It offers tools for monitoring and managing heart health, such as tracking vital signs, providing educational content, and delivering personalized insights and recommendations based on user data. The platform may integrate with wearable devices to collect real-time data and facilitate remote health management.
Cardiogram;wearable technology, health monitoring and analytics;https://cardiogram.com/ ;Web, Android & iOS;TRL 9;Cardio;https://apps.apple.com/us/app/cardiogram-heartiq-migraineiq/id1000017994 ;https://play.google.com/store/apps/details?id=com.cardiogram.v1 ;https://play-lh.googleusercontent.com/KQc4BM1veC6KV8D3A7nrddnFqtLzWyQw5IstjaAprr9hJUkleRvt8xdlYUmQtj5xF9g=w240-h480-rw ;It is a term that can refer to several different things related to heart activity or heart health, depending on the context.
CardioVisual;cardiovascular health education and patient engagement;https://cardiovisual.com/ ;Web, Android & iOS;around TRL 9;Cardio;https://apps.apple.com/us/app/cardiovisual-heart-health/id1009028152;https://play.google.com/store/apps/details?id=com.cardiovisual.app ;https://play-lh.googleusercontent.com/hkXkVfFHEG98pOYdsi4nc1U9auiwtopi-FiiB4NkZNcGAlPg9B4oziEoop4-kiCYkw=w240-h480-rw ;It is a mobile app designed to enhance cardiovascular health education and patient engagement through visual and interactive content. Developed to support both healthcare professionals and patients, CardioVisual aims to make complex cardiovascular concepts more accessible and understandable.
CareClinic;Health Tracking;https://careclinic.io/;iOS, Android, Website;7;Prevention;https://apps.apple.com/us/app/tracker-reminder-careclinic/id1455648231?utm_source=careclinic&utm_medium=organic&utm_content=front-page&utm_campaign=website;https://play.google.com/store/apps/details?id=com.careclinicsoftware.careclinic&utm_source=careclinic&utm_medium=organic&utm_content=front-page&utm_campaign=website;https://is1-ssl.mzstatic.com/image/thumb/Purple221/v4/be/13/48/be1348bc-2a44-9d02-4074-64c3bad62275/AppIcon-1x_U007emarketing-0-7-0-85-220-0.png/246x0w.webp;Health diary and symptom tracker.
Clue;Women's Health;https://helloclue.com/;iOS, Android, Website;8;Prevention;https://app.adjust.com/9k46tu?campaign=Non-Article+Page&adgroup=%2F&creative=Home+Page&fallback=https%3A%2F%2Fapps.apple.com%2Fus%2Fapp%2Fclue-period-tracker-fertility%2Fid657189652&redirect_macos=https%3A%2F%2Fapps.apple.com%2Fus%2Fapp%2Fclue-period-tracker-fertility%2Fid657189652;https://app.adjust.com/9k46tu?campaign=Non-Article+Page&adgroup=%2F&creative=Home+Page&fallback=https%3A%2F%2Fplay.google.com%2Fstore%2Fapps%2Fdetails%3Fid%3Dcom.clue.android%26hl%3Den&redirect_macos=https%3A%2F%2Fplay.google.com%2Fstore%2Fapps%2Fdetails%3Fid%3Dcom.clue.android%26hl%3Den;https://play-lh.googleusercontent.com/FGULXsKpMz-SctALJKzI8WZ8-IZjvI3_pdltt1JCXeQ-ES-K9k4tgvPpUUFaEaCG8es=w240-h480-rw;Period tracker and menstrual health app.
CureMetrix;AI, detection and diagnostic support;https://curemetrix.com/;Web;TRL 8;Cancer;-;-;-;CureMetrix is an AI-powered app designed to assist radiologists in analyzing mammograms. It provides enhanced detection and diagnostic support for breast cancer by improving accuracy and reducing false positives. The app leverages artificial intelligence to offer advanced image analysis and insights.
Dario;Manage chronic conditions;https://www.dariohealth.com/  ;Web & iOS;TRL 9;Diabet;https://apps.apple.com/us/app/dario-health/id571322125  ;-;https://is1-ssl.mzstatic.com/image/thumb/Purple221/v4/29/1b/14/291b145a-f5f7-23c4-cb93-3066c3100125/AppIcon-Prod-0-0-1x_U007ephone-0-10-0-85-220.jpeg/230x0w.webp ;It is a digital health platform designed to help individuals manage chronic conditions such as diabetes, hypertension, and weight management. It offers tools for tracking various health metrics, provides personalized insights, and integrates with connected devices for comprehensive health monitoring.
Daylio;Mental Health, with a Focus on Mood Monitoring and Self-Reflection;https://daylio.net/;Web, Android & iOS;8;Mental Health;https://apps.apple.com/us/app/daylio-journal-daily-diary/id1194023242;https://play.google.com/store/apps/details?id=net.daylio&hl=ro;https://play-lh.googleusercontent.com/wweiF4j7oCrolJVXpqaBf7egP7ia8j0nt4b97ebS7BcRRQLLIp6fA3HDX0qT1qd4UQ=w240-h480-rw;A mood journal that allows users to record how they feel and what activities they have done.
Features: Customizable mood journal, detailed reports.
deprexis;depressive episodes, Recurrent depressive disorder;https://de.deprexis.com/;Web app;TRL 8;Mental Health;-;-;https://encrypted-tbn0.gstatic.com/images?q=tbn:ANd9GcQIYb6x-G1h_Tl7Y2IfVwdQb3trkpVuvQImRw&s;Deprexis is an effective and innovative therapy that has been used worldwide for many years to treat adults with unipolar depression of mild, moderate, or severe intensity.
Dexcom G6;Monitoring and Notification ;-;Android & iOS;TRL 9;Diabet;Dexcom G6 on the App Store;Dexcom G6 - Apps on Google Play;https://play-lh.googleusercontent.com/MOqvFbzCQR7nz8B8dLFN8zmXG_GivIYS_TIU6EHzTAxFHS2fzfsh8xowb1oP7o8Ptgfi=w240-h480-rw;This app is used in conjunction with the Dexcom G6 Continuous Glucose Monitoring (CGM) system. It provides real-time glucose readings, trends, and alerts directly to your smartphone. The app helps users track their glucose levels continuously, making it easier to manage diabetes and make timely adjustments to their insulin regimen or lifestyle.
Diabetes:M;Blood Glucose Tracking, Medication Management, Meal and Carbohydrate Logging, Activity Tracking;https://diabetes-m.com/;Web, Android & iOS;TRL 8;Diabet;Diabetes:M on the App Store;Diabetes:M - Blood Sugar Diary - Apps on Google Play;https://is1-ssl.mzstatic.com/image/thumb/Purple221/v4/f0/c4/68/f0c46811-f105-11d6-d3ad-b4728b0c3cb8/AppIcon-0-0-1x_U007emarketing-0-7-0-85-220.png/246x0w.webp;Diabetes:M is a comprehensive diabetes management app that allows users to track blood glucose levels, medication, meals, and physical activity. It provides detailed reports and visual insights to help users effectively manage their diabetes.
Diabetes:M;medical nutrition;https://diabetes-m.com/;Web, Android & iOS;around TRL 9;Prevention;https://apps.apple.com/us/app/diabetes-m/id1196733537;https://play.google.com/store/apps/details?id=com.mydiabetes;https://play-lh.googleusercontent.com/aMkPFTtGHdW550VQYpD0Q0_X2eNPApCgpTo1Z5rEpHN0aJyc8u8HOpBK5un7l-1-f4E=s48-rw;This app will help you better manage your diabetes and keep it under control.
DMINDER;monitoring immune system & quality of sleep;https://dminder.ontometrics.com/;Web, Android & iOS;TRL 8;Prevention;https://apps.apple.com/us/app/d-minder-pro/id547102495?at=&ct=&ign-mpt=uo%3D6;https://play.google.com/store/apps/details?id=com.ontometrics.dminder;https://play-lh.googleusercontent.com/azkz0DVccB8ZpcT2PQZIVeNuSfnZjKS0QLgJOKBpX6A6NAYFudoviGfc4AbC5pmAKE4=w240-h480-rw;Comprehensive Vitamin D tracking app. It uses the GPS on your phone to find out where you are on the planet, when it calculates you can get D, how much of it, you can do and it gives you a timer.
Doctolib;medical guide;https://www.doctolib.fr/;Web, Android & iOS;around TRL 9;Prevention;https://apps.apple.com/us/app/doctolib-trouvez-un-m%C3%A9decin/id925339063;https://play.google.com/store/apps/details?id=fr.doctolib.www;https://play-lh.googleusercontent.com/5mfgTn0SHVnTcjRS5V1vMYeNZ7Wjn2Y1YX5xq1jKq3AN5k3SMF9dcz3dLT4HiK4n7Ls=w240-h480-rw;Track your health easily with the Doctolib app: access the availability of thousands of health professionals, book medical appointments online 24/7, message doctors and therapists, keep appointment history and medical documents and many more.
Dr. on demand;telemedicine;https://doctorondemand.com/;iOS, Android, Website;9;Prevention;https://apps.apple.com/us/app/doctor-on-demand/id591981144;https://play.google.com/store/apps/details?id=com.doctorondemand.android.patient&hl=en;https://play-lh.googleusercontent.com/5K_-kBHMCajSv9wJuehOOBkIN687TIsR7kyYR_pxn8HK16SUZhkOLW4O8biaYqZRbQA=w240-h480-rw;Telemedicine app offering virtual doctor consultations.
Drugs.com Medication Guide;medical guide;https://www.drugs.com/apps/;Web, Android & iOS;TRL 9;Prevention;https://apps.apple.com/us/app/drugs-com-medication-guide/id599471042;https://play.google.com/store/apps/details?id=com.drugscom.app;https://play-lh.googleusercontent.com/hPbxJhnceggrITJpS-iqh-UDVqPWgWKIsQGBPL9AFnjSfKi9jm_VpOIvijhbupeO5A=w240-h480-rw;The easiest way to search for drug information, identify pills, check interactions and create your own personal drug records.
edupression;depressive episodes, Recurrent depressive disorder;https://app.edupression.com/login;Web app;TRL 8;Mental Health;https://apps.apple.com/us/app/edupression-by-sofy-gmbh/id1562982041;https://play.google.com/store/apps/details?id=com.proappdev.edupression_web_mobile_app&hl=en;https://play-lh.googleusercontent.com/nkzNdBhzOZ6FVKdJV6Ru1lBCM8UbFCqx2HDcDvG4hq6tq8hi9rGIcMdXtRbUyKjaWQ=w240-h480-rw;Recognize patterns & initiate changes, become an expert in your illness, less depression symptoms, practical recommendations & tips, better quality of life.
EKGDX;CVD;https://ekgdx.com/;Web, Android & iOS;TRL 8;Cardio;EKGDX on the App Store;EKGDX - Apps on Google Play;https://play-lh.googleusercontent.com/skU0HKrQnP-c9mznaWpIsxh2EKsQt17ENf7b-NljXVsMU8zYcBmfz3YuNvzeeXkT_w=w240-h480-rw;EKGDX is a digital health app that provides advanced electrocardiogram (ECG) analysis through wearable devices or smartphone-connected sensors. It offers real-time heart monitoring, detects arrhythmias, and provides detailed cardiac health insights to users, aiming to enhance cardiovascular care and early detection of potential heart issues.
Elevate - Brain Training Games;medical game;https://elevateapp.com/;Web, Android & iOS;around TRL 9;Prevention;https://apps.apple.com/us/app/elevate-brain-training-games/id875063456;https://play.google.com/store/apps/details?id=com.wonder;https://play-lh.googleusercontent.com/uMZu0lwKn6elezZmZHQaav41ScrtJVGCoevdmjT0fMqRR2ydP_2FxWflo_ysYHKG3EoB=s48-rw;Elevate is an award-winning brain trainer that uses fun games and teasers to improve vocabulary, speaking skills, processing speed, memory skills, mental math and more for adults and students.
Embassador Companion 24/7;Management and Monitoring;https://embassador.com;Web, Android & iOS;TRL 7;Diabet;embassador™ Companion 24/7 on the App Store;embassador™ Companion 24/7 - Apps on Google Play;https://is1-ssl.mzstatic.com/image/thumb/Purple126/v4/a8/40/15/a84015bc-5e3a-988d-1057-f1fa5be8c896/AppIcons-0-0-1x_U007emarketing-0-0-0-7-0-0-sRGB-0-0-0-GLES2_U002c0-512MB-85-220-0-0.png/246x0w.webp;Embassador Companion 24/7 is a support platform designed to provide continuous assistance and companionship. It offers real-time help and guidance, potentially in areas such as healthcare, personal support, or technology. The service aims to deliver round-the-clock support, enhancing users' well-being and addressing their needs with timely, personalized assistance.
Emed;Comprehensive Health;https://www.emed.com/uk/download-app;iOS, Android, Website;9;Prevention;https://apps.apple.com/gb/app/emed/id858558101;https://play.google.com/store/apps/details?id=com.babylon&hl=en;https://is1-ssl.mzstatic.com/image/thumb/Purple221/v4/8b/34/4a/8b344ae9-e466-04dc-b69f-a48692e68753/AppIconEmed-0-0-1x_U007emarketing-0-7-0-0-85-220.png/246x0w.webp;Comprehensive health app offering consultations, health monitoring, and health assessments
eMoods;support;https://emoodtracker.com/ ;Web, Android & iOS;TRL 8;Mental Health;https://apps.apple.com/us/app/emoods-bipolar-mood-tracker/id1184456130 ;https://play.google.com/store/apps/details?id=my.tracker ;https://play-lh.googleusercontent.com/BjUIg0ycTGpMvuClqlkiRgWEQLm2X6AiGyJtxNhCSSakIaoYOUokJIr4gol-PQ97Zkc=w240-h480-rw ;It is a mood tracking app aimed at assisting individuals with mood disorders, such as bipolar disorder and depression. It provides tools for users to monitor their emotional state, identify patterns, and gain insights that can be valuable for managing their mental health.
ESC CVD Risk Calculation;CVD;https://www.escardio.org/;Web, Android & iOS;TRL 8;Cardio;ESC CVD Risk Calculation on the App Store;ESC CVD Risk Calculation - Apps on Google Play;https://is1-ssl.mzstatic.com/image/thumb/Purple126/v4/e4/91/ad/e491adb1-6e2c-0690-4ffc-854acd31754d/AppIcon-0-0-1x_U007emarketing-0-0-0-7-0-0-sRGB-0-0-0-GLES2_U002c0-512MB-85-220-0-0.png/246x0w.webp;ESC CVD Risk Calculation is a tool developed by the European Society of Cardiology (ESC) to estimate an individual's risk of developing cardiovascular disease (CVD) over a specified period, typically 10 years. The tool uses a range of clinical and demographic factors such as age, sex, blood pressure, cholesterol levels, smoking status, and diabetes to provide a personalized risk assessment. This helps healthcare providers in making informed decisions about preventive measures and treatment plans.
FitBit;Prevention;https://www.fitbit.com/global/us/home;Web, Android & iOS;TRL 9;Prevention;https://apps.apple.com/us/app/fitbit-health-fitness/id462638897;https://play.google.com/store/apps/details?id=com.fitbit.FitbitMobile&hl=en_US;https://is1-ssl.mzstatic.com/image/thumb/Purple221/v4/ce/99/d5/ce99d55e-a95d-4d5d-f716-a4d3e90d8ba2/AppIcon-0-1x_U007emarketing-0-0-0-6-0-0-0-85-220-0.png/246x0w.webp;Fitbit is a leading brand in fitness and health tracking, offering a range of wearable devices like fitness trackers and smartwatches. These devices monitor various health metrics, including steps, heart rate, sleep quality, and physical activity, helping users stay active and manage their well-being. Available on iOS and Android, Fitbit also features a companion app that provides insights and personalized recommendations.
Flo;menstrual cycle tracking, Health Insights and Education;https://flo.health/ ;Web, Android & iOS;around TRL 9;Prevention;https://apps.apple.com/us/app/flo-period-pregnancy-tracker/id1038369065 ;https://play.google.com/store/apps/details?id=org.iggymedia.periodtracker ;https://play-lh.googleusercontent.com/PAfUiu86ZQhFzYLRXcaqno8DXc-1hQtFd9MLkEjuursh40S_x8VOlgpmWKFLgiaNz-4=w240-h480-rw ;It is a women's health and menstrual cycle management app designed to help users track and better understand their reproductive and overall health.
Fooducate;managing diabetes;https://www.fooducate.com/;Web, Android & iOS;around TRL 9;Diabet;https://apps.apple.com/us/app/fooducate-nutrition-coach/id398436747?ign-mpt=uo%3D4;https://play.google.com/store/apps/details?id=com.fooducate.nutritionapp&referrer=utm_source%3Dfdct-redirect%26utm_campaign%3DFdct-Web-footer- button%26utm_medium%3Dna;https://play-lh.googleusercontent.com/K6XcN9cgvbA78NSmz_HxTDULnubeV1CncxIz9iIzwP6czbL0DronQFBLyNOAAPV95KI=s48-rw;With Fooducate, you can track your calories, macros and workouts, plus motivate yourself, share diet tips and recipes with a community of health and wellness enthusiasts.
FreeStyle Libre;Checking diabetes with sensors;https://www.freestyle.abbott/us-en/home.html;iOS, Android, Website;9;Diabet;https://apps.apple.com/us/app/freestyle-librelink-us/id1325992472;https://play.google.com/store/apps/details?id=com.freestylelibre.app.in&hl=en_US;https://play-lh.googleusercontent.com/gilpHvYJPp9KzkUztYKdexP5YUDafv7QMXzoSgTVafhLX1cpbbC_bAZuoMwSn11ohoA=w240-h480-rw;Continuous glucose monitoring system.
Glooko;Digital Health and Health Technology;https://glooko.com/;Web, Android & iOS;TRL 8;Diabet;Glooko - Track Diabetes Data on the App Store;Glooko - Track Diabetes Data - Apps on Google Play;https://play-lh.googleusercontent.com/kKOdoOk8R_2L8buupE0GrhY-CyOamTlLtqdfPqACdIITudBTY5-R8mEm2n6JReGJzwc=w240-h480-rw;Glooko is a comprehensive diabetes management app that simplifies tracking and analyzing blood glucose levels, insulin usage, and lifestyle data. The app seamlessly integrates with various diabetes devices and health apps, providing personalized insights and reports to help users manage their diabetes effectively.
Glucose Buddy;Manage patient blood glucose levels and overall health;https://www.glucosebuddy.com/  ;Web, Android & iOS;TRL 9;Diabet;https://apps.apple.com/us/app/glucose-buddy-diabetes-tracker/id294754639   ;https://play.google.com/store/apps/details?id=com.skyhealth.glucosebuddyfree   ;https://play-lh.googleusercontent.com/YP-NzzU7kFVfIzmgWE_6lkYIopQ6-OZPnbSaJe-nAyfqLSw6ViIyMZQbO9zAE5r86yi-=w240-h480-rw   ;The app provides tools for tracking blood glucose, medications, diet, and exercise, along with offering insights to improve diabetes management.
Happier;support;https://www.happier.com/ ;Web & Android;around TRL 9;Mental Health;-;https://play.google.com/store/apps/details?id=com.thehappierapp ;https://play-lh.googleusercontent.com/YDgrrR3MJJqsiXjBLgpmhkP31DfuXuYjt2VMWTKwD8ctdXpgGZZzMAccjfTiogK-IBDP=s48-rw ;It is a mental well-being app designed to help users build habits and cultivate a positive mindset. It offers a range of features aimed at improving mental health through evidence-based practices.
Happify;mental well-being improvement;https://www.happify.com/ ;Web, Android & iOS;TRL 9;Mental Health;https://apps.apple.com/us/app/happify-for-stress-worry/id730601963 ;https://play.google.com/store/apps/details?id=com.happify.happifyinc;https://play-lh.googleusercontent.com/bfbLhvRgAMv9He3LPJ_CLxseZSwzU-RejqilZls4r63LGj2DCg9ZtUy8uL_HYtyw6sse=w240-h480-rw ;Happify is a digital platform designed to improve mental well-being through scientifically grounded activities and games. The app uses positive psychology, cognitive behavioral therapy (CBT), and mindfulness techniques to help users build resilience and manage stress, anxiety, and depression.
Headspace;Meditation, Mindfulness and Sleep;https://www.headspace.com/;Web, Android & iOS;around TRL 9;Mental Health;https://apps.apple.com/us/app/headspace-sleep-meditation/id493145008;https://play.google.com/store/apps/details?id=com.getsomeheadspace.android&hl=en_US;https://play-lh.googleusercontent.com/y6ZZo_LKpI8sBXAHb9TMSfgoY96yVU0ecumaOb8hckSdvDzdssiQd2QW1cx1CrjvA4bQ=s48-rw;Stress less, sleep deeper, and feel happier with expert guided meditations, one-on-one mental health coaching and daily mindfulness exercises.
Health Mate;Cardiovascular Health;https://www.withings.com/us/en/withings-app;iOS, Android, Website;9;Cardio;https://apps.apple.com/us/app/withings-health-mate/id542701020;https://play.google.com/store/apps/details/Withings_Health_Mate?id=com.withings.wiscale2&hl=en_NZ;https://play-lh.googleusercontent.com/dkCJUDoyVfq-9ZE4NrX_gRqu_kTuyf3F0LGPb7ybt_pQCCnWXD2BojizznpqMbJEbQ=w240-h480-rw;Tracks health metrics like heart rate, sleep, weight, and more.
Health2Sync;Diabetes Management;https://www.health2sync.com/;iOS, Android, Website;8;Diabet;https://apps.apple.com/us/app/health2sync-diabetes-tracker/id806136243;https://play.google.com/store/apps/details?id=com.h2sync.android.h2syncapp&hl=en;https://play-lh.googleusercontent.com/p7TAEk4xKGZX8leBLG1DgqIiHv69IRU7K58ygaC1thnVxkIRFQkKNrDzJqYpzuajRA=w240-h480-rw;Diabetes management app for logging blood glucose, medications, and diet.
Healthentia;Patient Health Monitoring,  Personalized Healthcare;https://healthentia.com/;iOS, Android, Website;7;Cancer;https://apps.apple.com/us/app/healthentia/id1491757656;https://play.google.com/store/apps/details?id=com.innovationsprint.healthentia&hl=en_US;https://is1-ssl.mzstatic.com/image/thumb/Purple211/v4/f5/79/58/f57958c1-7ba9-3611-f8b3-d26c48c60d69/Healthentia-0-0-1x_U007emarketing-0-7-0-85-220.png/246x0w.webp;Healthentia is a digital health platform for patient monitoring and personalized healthcare, supporting clinical trials and cancer prevention.
HealthTap;telehealth virtual healthcare;https://www.healthtap.com/;Web, Android & iOS;around TRL 9;Prevention;https://apps.apple.com/us/app/healthtap-primary-care-doctors/id466079030?mt=8;https://play.google.com/store/apps/details?id=com.healthtap.userhtexpress&hl=en_US&gl=US&deep_link_value=https%3A%2F%2Fwww.healthtap.com%2Fmember%3Futm_source%3Dht_page%26utm_medium%3Dwebsite%26utm_campaign%3Dguest%26utm_content%3Dhttps%3A%2F%2Fwww.healthtap.com%2F&pid=ht_page&c=guest;https://play-lh.googleusercontent.com/zah40Ha30crRdZgippl-8u813f8gL6xZl9LkC-3sFC8gGLCH_uebtqD1OvpJZW3yt8M=s48-rw;HealthTap is a telehealth app that revolutionizes primary care by providing ongoing, affordable care with a dedicated, online primary care doctor you love.
Heart Failure Health Storylines;chronic disease management, symptom tracking;https://www.healthstorylines.com/ ;Web & Android;between TRL 8 & TRL 9;Cardio;-;https://play.google.com/store/apps/details?id=com.selfcarecatalyst.hsresearch ;https://play-lh.googleusercontent.com/-j8GxcpqTbkR7du2bdeLPxETevED7k8Fi-CyFzCAdSbpnWQv2DdfOns9yw4-6b1oog=w240-h480-rw ;It is a comprehensive platform developed to improve the quality of life for individuals with heart failure. It aims to support patients in their daily management of the condition by providing personalized insights, monitoring tools, and educational resources. The platform is designed to integrate with healthcare providers' workflows and enhance communication between patients and their care teams.
HeartFlow;Cardiovascular Health;https://www.heartflow.com/;Web & iOS;7-8;Cardio;https://apps.apple.com/us/app/heartflow/id994343238;-;https://is1-ssl.mzstatic.com/image/thumb/Purple116/v4/49/0c/53/490c53d7-7471-00cd-7b5f-8e738d757820/AppIcon-1x_U007emarketing-0-4-0-85-220.png/246x0w.webp;HeartFlow offers a non-invasive imaging solution that uses CT data to create a 3D model of the coronary arteries. It helps in diagnosing coronary artery disease and assessing the impact of blockages on heart function.
Heartify;CVD;https://dan.com/buy-domain/heartify.co?redirected=true;Web & IOS;TRL 7;Cardio;https://apps.apple.com/us/app/heartify-heart-health-monitor/id1546156891;-;https://is1-ssl.mzstatic.com/image/thumb/Purple221/v4/55/d9/b6/55d9b6e2-59e5-d59a-6733-8f9e84601f96/AppIcon-1x_U007ephone-0-9-0-0-sRGB-GLES2_U002c0-85-220-0.png/246x0w.webp;Heartify helps users track their heart health metrics, including blood pressure and heart rate. It provides insights into cardiovascular health trends and recommendations for lifestyle changes to improve heart health.
iHealth MyVitals:;CVD;https://ihealthlabs.com/;Web, Android & iOS;TRL 8;Cardio;https://apps.apple.com/us/app/ihealth-myvitals/id1532014748;https://play.google.com/store/apps/details?id=com.ihealthlabs.MyVitalsPro&hl=en_US;https://is1-ssl.mzstatic.com/image/thumb/Purple211/v4/7b/75/82/7b7582b3-e384-3508-ff7c-f72079a206c2/AppIcon-0-0-1x_U007emarketing-0-10-0-0-85-220.png/246x0w.webp;iHealth MyVitals is designed to help users track vital health metrics, including blood pressure, heart rate, and weight. The app syncs with iHealth's range of health monitoring devices and provides detailed reports and trends to help users manage their cardiovascular health.
Insight Timer;Mental Health;https://insighttimer.com/;Web, Android & iOS;TRL 8;Mental Health;Insight Timer–Meditate & Sleep on the App Store;Insight Timer - Meditation App - Apps on Google Play;https://is1-ssl.mzstatic.com/image/thumb/Purple211/v4/d9/45/38/d94538fe-2003-dd60-2b5d-daa346ac91c5/AppIcon-0-0-1x_U007emarketing-0-7-0-85-220.png/246x0w.webp;Insight Timer offers a large library of free guided meditations, music tracks, and talks by mindfulness experts. It includes features for meditation practice, sleep aid, and stress relief, with a community aspect where users can connect with others on similar journeys.
Instant Heart Rate;heart rate monitoring;https://www.instantheartrate.com/ ;Web, Android & iOS;TRL 8;Cardio;https://apps.apple.com/us/app/instant-heart-rate-hr-monitor/id409625068 ;https://play.google.com/store/apps/details?id=si.modula.android.instantheartrate ;https://play-lh.googleusercontent.com/NnmvgHsO6G2crYFDv7zZ0yQ9Ik2YUGt7c8ZchSNMtvYdGkAqE3I4hQsczBqwwllciw=s48-rw ;It is a popular mobile app designed to measure and monitor heart rate using a smartphone's camera and flash. Developed by Azumio, the app provides users with a convenient and non-invasive way to track their heart rate in real-time.
iRhythm;Cardiovascular Health;https://www.irhythmtech.com/;Web, Android  & iOS;8;Cardio;https://apps.apple.com/us/app/myzio/id975444227;https://play.google.com/store/apps/details?id=com.irhythm.myzio.android&hl=en_US;https://play-lh.googleusercontent.com/gyJzQEDLo-eGYfppETMBLR1TasSjhNd8T0IYrq7slc-MQTRfjp2wjCESubPwMh1ypMDi=w240-h480-rw;The Zio Patch by iRhythm is a wearable ECG monitor that continuously records heart rhythms for up to 14 days. It is used for the diagnosis and monitoring of arrhythmias, providing detailed reports to healthcare providers.
Kaia COPD: Meine aktive COPD Therapie;Other specified chronic obstructive pulmonary disease, Chronic obstructive pulmonary disease, unspecified;-;Android & iOS;TRL 8;Prevention;https://apps.apple.com/de/app/kaia-copd/id1341936904;https://play.google.com/store/apps/details?id=com.kaiahealth.copd;https://play-lh.googleusercontent.com/EgTEG7Olep0gqkGP1M38ALglK1EyUZNV3HrMOp6az3J-aG6gZVfbpl25X0RhNlO8PgI=w240-h480-rw;We support you in your everyday life with a digital therapy program that you can use anytime, anywhere, without stressful travel or waiting times.
KardiaMobile;Cardiovascular Health;https://kardia.com/kardiamobile;Web, Android  & iOS;8;Cardio;https://apps.apple.com/us/app/kardia/id579769143;https://play.google.com/store/apps/details?id=com.alivecor.aliveecg&hl=de;https://play-lh.googleusercontent.com/WYIp8_w9gWcg_cnDiCWX_WgVxTp9w6ZrEkCVUxN-EBQOYVOcnsXtJ5c7Sipwd8bqv8g=w240-h480-rw;KardiaMobile is a portable ECG device that allows users to record their heart rhythms and detect atrial fibrillation (AFib) and other arrhythmias. The data can be shared with healthcare providers for remote monitoring and management.
Klinio;Diabetes Management;https://klinio.com/;iOS, Android, Website;7;Diabet;https://apps.apple.com/us/app/klinio-health-weight-loss/id1511958049;https://play.google.com/store/apps/details?id=diet.mydiabetes&hl=ro;https://play-lh.googleusercontent.com/3ZmuUG0Va8mB8wgsJdwUKvUHKaQ0oKfd2xjPgn6OQH5qbQ1GcGIvgkvC_NhdusDJSqY=w240-h480-rw;Personalized diabetes management plan and tracking.
Lark Health;Diabetes Prevention, Weight Management;https://www.lark.com/;iOS, Android, Website;8;Prevention;https://apps.apple.com/us/app/lark-health/id912530754;https://play.google.com/store/apps/details?id=com.lark.meadowlark2&hl=ro;https://play-lh.googleusercontent.com/TLNX086IgQFkKodQH-MAcjcMdNhzGWKGU74Scq4uda2zwgim_BchzfOQTgMQcB5kr_O_=w240-h480-rw;AI health coach for managing weight and chronic conditions.
LibreLink;Real-Time Glucose Reading, Alerting;https://librelinkup.com/;Web, Android & iOS;TRL 8;Diabet;FreeStyle LibreLink - US on the App Store;FreeStyle LibreLink - US – Aplicații pe Google Play;https://is1-ssl.mzstatic.com/image/thumb/Purple211/v4/6a/d9/90/6ad9909b-1c91-3a95-b3dd-c7d81e19e9ca/AppIconFSLL-1x_U007emarketing-0-5-0-sRGB-0-85-220-0.png/246x0w.webp;This app works with the FreeStyle Libre glucose monitoring system. It allows users to scan their Libre sensor with their smartphone to get real-time glucose readings and trends. The app helps users manage their diabetes by providing detailed glucose data, alerts for high or low glucose levels, and trends to better understand their glucose patterns.
Life360;Prevention;https://life360.com/;Web, Android & iOS;TRL 8;Prevention;https://apps.apple.com/us/app/life360-find-friends-family/id384830320;https://play.google.com/store/apps/details?id=com.life360.android.safetymapd&hl=ro;https://is1-ssl.mzstatic.com/image/thumb/Purple221/v4/54/ab/27/54ab271d-a848-04b8-247a-e552d86e13fd/AppIcon-0-0-1x_U007ephone-0-0-85-220.png/246x0w.webp;A family safety app that provides location tracking, driving reports, and emergency alerts. It helps prevent accidents and enhances family safety through real-time location sharing and alerts.
Lifesum;nutrition and diet tracking, exercise and activity tracking, personalized goals and recommendations;https://lifesum.com/ ;Web, Android & iOS;between TRL 8 & TRL 9;Prevention;https://apps.apple.com/us/app/lifesum-diet-and-food-tracker/id286906691 ;https://play.google.com/store/apps/details?id=com.sillens.shapeupclub ;https://play-lh.googleusercontent.com/EksxpCD83ryNH0jAur3xxfseKV2cCU3hClEkdem0gG7IEOcET-nUNreoz2XsKfnX1cw=w240-h480-rw ;It is a mobile app designed for health and wellness management, focusing on nutrition, diet tracking, and lifestyle improvements. It offers tools to help users make healthier choices, achieve their fitness goals, and maintain a balanced diet.
LivingWith: Cancer Support;Health and Cancer Care;https://www.thisislivingwithcancer.com/;Web, Android & iOS;9;Cancer;https://apps.apple.com/us/app/livingwith-cancer-support/id1223073769;https://play.google.com/store/apps/details?id=com.pfizer.us.livingwith&hl=en_US;https://play-lh.googleusercontent.com/iZuHnQ8SCaT_DmFnrCH6oZFUZliSUeN03p-z7NlbhtenD5UFj7Ah4Jd-fitwL0uesen3=w240-h480-rw;It helps patients manage life with cancer.
Features: Symptom tracking, activity planning, sharing updates with family and friends.
Livongo;Diabetes Management, Chronic Disease Management;https://www.livongo.com/;Web, Android & iOS;8;Diabet;https://apps.apple.com/us/app/livongo/id991595088;https://play.google.com/store/apps/details?id=com.livongo.lvmobility&hl=ro;https://play-lh.googleusercontent.com/1rxMpalqz-8QE1nUULQ6cUi5LGoQfnSp-qGb_SkvuXX2eTsHYL_in0qlRAX9zqFYpSs=w240-h480-rw;Livongo offers a platform that combines devices, data, and personalized coaching to help users manage chronic conditions like diabetes and hypertension. It provides real-time feedback and support through digital tools.
Lose it!;Weight Loss, Nutrition;https://www.loseit.com/;iOS, Android, Website;8;Diabet;https://apps.apple.com/us/app/lose-it-calorie-counter/id297368629;https://play.google.com/store/apps/details?id=com.fitnow.loseit&hl=en;https://play-lh.googleusercontent.com/eQXGwwKkSAqezH7nicdMhsM7BfUf29XQFtPbJLdOH81Grtk8ylKqZGISzcWcSddgcWs=w240-h480-rw;Weight loss and calorie counting app.
MapMyRun;activity tracking,  performance metrics, goal setting and training plans;https://www.mapmyrun.com/ ;Web, Android & iOS;between TRL 8 & TRL 10;Prevention;https://apps.apple.com/us/app/map-my-run-by-under-armour/id291890420 ;https://play.google.com/store/apps/details?id=com.mapmyrun.android2 ;https://play-lh.googleusercontent.com/AKJpG5oMquwDZEjCrDDamDlsKyRZ4jWi62pxFDaA9RstyoH1rik273n2EpRcqka56kw=w240-h480-rw ;It is a mobile app designed for tracking running and walking activities. Developed by Under Armour, it provides users with tools to monitor their workouts, analyze performance, and connect with a community of fitness enthusiasts.
Maven;Women’s Healthcare;https://www.mavenclinic.com/;Web, Android & iOS;around TRL 9;Prevention;https://apps.apple.com/us/app/maven-clinic/id942543121?c=footer-badge&pid=Maven-web;https://play.google.com/store/apps/details?id=com.mavenclinic.android.member&hl=en_US;https://play-lh.googleusercontent.com/yGXgPTzJU3dWNVJbswK7NA-wUdUT6gqQLKf9UgCJZ9zQcKU_Xfp_GJC_41Wtc7T8q8Q=w240-h480-rw;From family building and fertility to pregnancy, parenting, and menopause, we’ve got you covered with 24/7 care.
Mayo Clinic;Monitoring;https://www.mayoclinic.org/apps/mayo-clinic;Web, Android & iOS;9;Prevention;https://apps.apple.com/us/app/mayo-clinic/id523220194;https://play.google.com/store/apps/details?id=com.mayoclinic.patient&hl=en%27;https://play-lh.googleusercontent.com/njFPJ2RaXTAgH_vUYOzgdSyqFmzGQrtvfGUVaJUwIyICp4Fu-_u0fyr94_1eIUb_KQ3Y=w240-h480-rw;Mayo Clinic is a valuable tool for those who want to access health information, monitor their health status, or manage their medical care.
MDCalc;medical calculator;https://www.mdcalc.com/;Web, Android & iOS;around TRL 9;Prevention;https://apps.apple.com/us/app/mdcalc-medical-calculator/id1001640662;https://play.google.com/store/apps/details?id=com.mdaware.mdcalc&hl=en;https://play-lh.googleusercontent.com/yNDRYk9DVQw7lt-6zp325yP_K0P0lvDu65QzaqZeVi6EtS1EHlPnWMOJ6dwxQu2nO0s=w240-h480-rw;Since 2005, MDCalc has been the leading medical reference for the most relevant, up-to-date and widely-used clinical calculators that support evidence-based patient care.
Medical ID;medical emergencies;https://medicalid.app/;Web, Android & iOS;around TRL 9;Prevention;https://apps.apple.com/au/app/myid-medical-id-profile/id641388921;https://play.google.com/store/apps/details?id=app.medicalid.free;https://play-lh.googleusercontent.com/gC9g-mOzdek53eBV6jgaG3gNswJ0PPuUF5_JJTuBvDu0Hd8XTWWue6Q_upwU0MoP2vM=w240-h480-rw;Medical ID enables the creation of accessible emergency profiles with vital health information and location sharing for first responders and medical personnel from the lock screen.
Medisafe;Medication Reminder;https://www.medisafe.com/;Web, Android & iOS;around TRL 9;Prevention;https://apps.apple.com/us/app/medisafe-medication-management/id573916946;https://play.google.com/store/apps/details?id=com.medisafe.android.client&hl=en_US;https://play-lh.googleusercontent.com/vD1dTDEFNEiPJBdwUnz3WS2sVKFwXQevwOc7X2O73q1qyHZJPJyatKXrHEb-br6HPSM=s48-rw;Get the free “MUST HAVE” award-winning pill reminder and medication tracker ranked #1 by pharmacists, physicians and patients.
Medscape;medical news source (drugs, diseases, clinical tools, live events, medical podcasts, lastests news, perspectives, consult, CME & education);https://www.medscape.com/public/medscapeapp;Web, Android & iOS;TRL 9;Prevention;https://apps.apple.com/us/app/medscape/id321367289;https://play.google.com/store/apps/details?id=com.medscape.android;https://play-lh.googleusercontent.com/DHsn5m0iPY9OHap91ig9bfcf6oR2APnPhSK_t-lO15pysHSenLtfsl0BVSbufmLelrLh=w240-h480-rw;With Medscape, you have free access to the latest news, expert commentary, clinical tools, drug and disease information, medical podcasts, CME/CE activities and more.
MFHP: Cancer;Prevention;https://keepitsacred.itcmi.org/my-family-health-portrait-cancer-mobile-app/;Web, Android & iOS;TRL 8;Prevention;https://apps.apple.com/ro/app/mfhp-cancer/id1594196010;https://play.google.com/store/apps/details?id=gov.cdc.brca;https://play-lh.googleusercontent.com/WLr5AHR2WagSomHwT4ufHENnviS_0fw2v72KHPXIwXCC91sh6Ha9LRzuBk4yLcre_5rb=w240-h480-rw;MFHP: Cancer is a prevention app that helps users reduce cancer risk through lifestyle recommendations, educational resources, and early detection tools. It focuses on proactive measures for maintaining health and preventing cancer.
Migraine Buddy: Track Headache;medical tracker headache;https://migrainebuddy.com/;Web, Android & iOS;around TRL 9;Prevention;https://apps.apple.com/us/app/migraine-buddy-track-headache/id975074413;https://play.google.com/store/apps/details?id=com.healint.migraineapp;https://play-lh.googleusercontent.com/1RMV6xQ9GO4CqUUEYrCx57G8oySaath2_zzFU3MVcqwRomGM2iNt-kPzlIwMvivcQYFP=w240-h480-rw;Migraine Buddy is your ultimate partner to: identify patterns, maximize your medical consultations, share experiences, chat with other users in our thriving community.
Mindable: Panikstörung und Agoraphobie;Agoraphobia, Panic disorder [episodic paroxysmal anxiety];-;Android & iOS;TRL 8;Mental Health;https://apps.apple.com/de/app/mindable-panik-agoraphobie/id1465386878;https://play.google.com/store/apps/details?id=health.mindable.anxiety;https://play-lh.googleusercontent.com/mJAlex0QMVRLFac77puibS0ifciduCz8IOiJ3sTr5G8YgUj3MKzpHhX2tFnynfJgesSF=w240-h480-rw;Mindable is a behavioral app for the treatment of panic disorders and agoraphobia and is available with a prescription / therapeutic (prescription app).
Mindable: Soziale Phobie;Social phobias;-;Android & iOS;TRL 8;Mental Health;https://apps.apple.com/de/app/mindable-soziale-phobie/id1567966561;https://play.google.com/store/apps/details?id=health.mindable.social;https://play-lh.googleusercontent.com/zIIEN_fUPOAjheXg0ypzBiP77Tfx3UAeEpzGZUmPpR9hF8hWZo6rfBn8yRpq5dUDq4Rc=w240-h480-rw;Mindable: Social Phobia is a digital health app (DiGA) for the treatment of social anxiety disorder. The application is available on prescription from doctors and psychotherapists and is reimbursed by all German health insurances.
MindDoc Auf Rezept;depressive episodes, Recurrent depressive disorder;-;Android & iOS;TRL 8;Mental Health;https://apps.apple.com/de/app/minddoc-auf-rezept/id1608331918;https://play.google.com/store/apps/details?id=de.minddoc.diga;https://play-lh.googleusercontent.com/iyTkouW6cOwhWw11-vewipQUmRAlZDm2kaNYm3tNrYWvX6_A-ePdh9Phqb4Q1Q8RcsDB=w240-h480-rw;MindDoc with Prescription is a self-monitoring and self-management app that helps you cope with depression and other mental illnesses, including anxiety, insomnia and eating disorders.
MindShift CBT;emotional support;https://www.anxietycanada.com/resources/mindshift-cbt/ ;Web, Android & iOS;TRL 8;Mental Health;https://apps.apple.com/us/app/mindshift-cbt-anxiety-relief/id634684825 ;https://play.google.com/store/apps/details?id=com.bstro.MindShift ;https://play-lh.googleusercontent.com/RfTRnc8WRXieNrbQ_-FtWqJM908sPTSbFq8FOVpmLBsYz0V3N_UVjDcCbJ7mTN-wNKY2=w240-h480-rw ;It is a popular app designed to help users manage anxiety and stress using Cognitive Behavioral Therapy (CBT) techniques.
Moodfit ;Mental Health ;https://www.getmoodfit.com/;Web, Android & iOS;TRL 8;Mental Health;Moodfit: Mental Health Fitness on the App Store;Moodfit: Mental Health Fitness – Aplicații pe Google Play;https://play-lh.googleusercontent.com/pqsec82TIrTewLCUmveC7fZidAOmI4O33xOmx5zgn2HTe6ujBEV59Hisd_J7SbIZFoA=w240-h480-rw;Moodfit is a mental health app designed to help users improve their emotional well-being. It offers tools and exercises for tracking mood, practicing mindfulness, setting goals, and developing positive habits. With personalized insights and progress reports, Moodfit supports users in managing stress, anxiety, and depression to achieve better mental health.
Moodpath;support;https://minddoc.com/us/en;Web, Android & iOS;TRL 9;Mental Health;https://apps.apple.com/us/app/minddoc-mental-health-support/id1052216403 ;https://play.google.com/store/apps/details?id=de.moodpath.android ;https://play-lh.googleusercontent.com/TAzDmCSOjALzwyItk-3vczi34Gt7ef6vI63KQr_qY82iQXzcn6tTTqvcbUsP2KcXieY=w240-h480-rw ;It is a mental health and mood-tracking app designed to help users monitor their emotional well-being and provide insights into their mental health.
My Journey BCNA;Patient Support and Breast Cancer Management;https://myjourney.org.au/;Web, Android & iOS;9;Cancer;https://apps.apple.com/au/app/my-journey-bcna/id1549503272;https://play.google.com/store/apps/details?id=com.bcna.myjourney&hl=en_US;https://play-lh.googleusercontent.com/0FnsnE8M4tgpnAFZ0BWIzH0WymrsaTe5_T2KHGtLhHQUSDo9J9TwaLSmiSQf1Jm_DuyP=w240-h480-rw;It provides tools to monitor treatment and symptoms.
Features: Symptom journal, treatment calendar, notes for consultations.
My7steps App;depressive episodes, Recurrent depressive disorder;https://diga.my7steps.org/;Web App;TRL 8;Mental Health;-;-;https://diga.bfarm.de/images/my7steps-app-2548.jpeg;The medical device My7steps app is a web-based intervention to reduce psychological problems. It is a low-threshold offer for people who have psychosocial difficulties and problems coping with their everyday lives.
Mychart;Patient Portal App;https://www.mychart.org/;Web, Android & iOS;around TRL 9;Prevention;https://apps.apple.com/us/app/mychart/id382952264;https://play.google.com/store/apps/details?id=epic.mychart.android&hl=en;https://play-lh.googleusercontent.com/YPtBGr6THchfNi4KIo9P4A5TePEia_daTtMtsqwsURjYqngsLCRV1-NUah09z0kcBXs=w240-h480-rw;MyChart puts your health information in the palm of your hand and helps you conveniently manage care for yourself and your family members.
MyDataHelps;medical guide;https://mydatahelps.org/identityserver/local/participant?signInId=adfacf27d9bda2a1982795fa262c4b73#/splash;Web, Android & iOS;TRL 9;Prevention;https://apps.apple.com/us/app/mydatahelps/id1286789190;https://play.google.com/store/apps/details?id=com.careevolution.mydatahelps;https://play-lh.googleusercontent.com/NvRkVn1T5D1rjUryUdsn74p3TzfzesXER8SijXnwKezppm5m9OvwafeSx0jr4QF4uw=w240-h480-rw;Connect data from Google Fit and Fitbit, retrieve medical records and participate in health projects.
MyFitnessPal;health tracking;https://www.myfitnesspal.com/;Web, Android & iOS;around TRL 9;Prevention;https://apps.apple.com/ms/app/myfitnesspal-calorie-counter/id341232718;https://play.google.com/store/apps/details?id=com.myfitnesspal.android&hl=en_US;https://play-lh.googleusercontent.com/DtR_W1lA1tKsbrr2DUo3TLNzqi9qRyxPqDuCyJeGLU6OMJKqg7CEqs45btRqvDFNDI3Y=s48-rw;Track progress toward your health, nutrition, fitness, and weight loss goals with MyFitnessPal.
MyHeart Counts;cardiovascular health improvement;https://med.stanford.edu/myheartcounts.html ;Web & iOS;TRL 8;Cardio;https://apps.apple.com/us/app/myheart-counts/id972189947;-;https://is1-ssl.mzstatic.com/image/thumb/Purple114/v4/c2/6d/ba/c26dbad1-8e68-3cc4-ae1a-95ba242ee99b/AppIcon-0-0-1x_U007emarketing-0-0-0-4-0-0-sRGB-0-0-0-GLES2_U002c0-512MB-85-220-0-0.png/230x0w.webp ;It is a mobile app developed by researchers at Stanford University, designed to help users improve their cardiovascular health through tracking and personalized insights. The app focuses on providing users with tools and information to assess and enhance their heart health.
MyNetDiary Diabetes Tracker;Assist individuals in managing diabetes;https://www.mynetdiary.com/  ;Web & Android;TRL 8;Diabet;-;https://play.google.com/store/apps/details?id=com.fourtechnologies.mynetdiary.diabetes  ;https://play-lh.googleusercontent.com/9EXPE7wCzMCabiu0OwMQeQef1YdQgEbqK0e8No6FKMewCkj48a3v2SPoW5yr5oNy_Jk=w240-h480-rw  ;It offers tools for tracking blood glucose levels, diet, medications, and physical activity. The app provides personalized insights and data analysis to help users understand their health trends and make informed decisions.
MySugr;diabetes management;https://www.mysugr.com/en/;Web, Android & iOS;around TRL 9;Diabet;https://apps.apple.com/us/app/mysugr-diabetes-tracker-log/id516509211?mt=8;https://play.google.com/store/apps/details?id=com.mysugr.android.companion;https://play-lh.googleusercontent.com/tccdMLa0P8K3w_wDKNqp6ZnXM2BfwpDPNBRWU60Tk5jlar3pCNX8MRo-oD1t74ajUQ=w240-h480-rw;Get help managing your diabetes, it's quick and easy!Ranked 3 times by Healthline as the best diabetes app.
mySymtomps Tracker;medical nutrition;https://www.mysymptoms.net/;Web, Android & iOS;TRL 9;Prevention;https://apps.apple.com/gb/app/mysymptoms-food-diary/id405231632;https://play.google.com/store/apps/details?id=com.sglabs.mysymptoms;https://play-lh.googleusercontent.com/6dFV86MWcfobhBx2sRmdCfEIEwGve8Dd6jRzcjE5ww0HN2Fr8BCC-9IrAdXd12dYXckr=w240-h480-rw;mySymptoms helps you understand your health by tracking your diet and symptoms and sharing your diary with your doctors.
MyTherapy;Medication Management;https://www.mytherapyapp.com/;iOS, Android, Website;8;Mental Health;https://itunes.apple.com/gb/app/mytherapy-meds-pill-reminder/id662170995?mt=8;https://play.google.com/store/apps/details?id=eu.smartpatient.mytherapy&referrer=utm_source%3Dwebsite-en;https://is1-ssl.mzstatic.com/image/thumb/Purple211/v4/5c/fb/e0/5cfbe07a-f442-6e6a-fa5e-360a882f2bd5/AppIcon-0-0-1x_U007epad-0-0-0-85-220.png/246x0w.webp;Medication reminder and health tracker.
Noom;weight management,diet tracking, psychological principles and personalized coaching;https://www.noom.com/ ;Web, Android & iOS;between TRL 8 & TRL 9;Prevention;https://apps.apple.com/us/app/noom-healthy-weight-loss-plan/id634598719 ;https://play.google.com/store/apps/details?id=com.wsl.noom ;https://play-lh.googleusercontent.com/1N-ub7jErxCHtSIanMlAbQcALjjHePAoE5BW3UETji87V_5PZb1El9g-OuL-_NNmSw=s48-rw ;It is a comprehensive health and wellness app designed to assist users in achieving their weight loss and lifestyle goals through a combination of personalized coaching, behavior change techniques, and health education.
Omada; Diabetes Prevention, Weight Management;https://www.omadahealth.com/;iOS, Android, Website;8;Diabetes;https://apps.apple.com/us/app/omada/id805711008;https://play.google.com/store/apps/details?id=com.omada.prevent&hl=en;https://play-lh.googleusercontent.com/DC_3qoJ3MiURYWdMDjyrBOM2QjqHOqKnA8xvY9AQhfvdwKeRgOB1U-RdGQE5CQDwKw=w240-h480-rw;Digital lifestyle change program for chronic disease prevention.
ONCOassist;Providing tools and resources;https://oncoassist.com/;Web, Android & iOS;TRL 7;Cancer;https://apps.apple.com/us/app/oncoassist/id558299114  ;https://play.google.com/store/apps/details?id=com.oncoassist.core  ;https://play-lh.googleusercontent.com/AfXUHCFyPCr0O9Qo07Dd7pRYlJcRo4E8tfAQp78bQnzLj0tliH_LPDbfSw0D1vMRsa5O=w240-h480-rw  ;It is a digital health application designed to support oncologists and cancer patients by providing tools and resources to assist with cancer management and treatment decisions. The app offers various features to help healthcare professionals and patients navigate the complexities of cancer care.
OncoBuddy ;Cancer Detection;https://www.oncobuddy.app/;Web & Android ;TRL 8;Cancer;-;OncoBuddy: The Cancer Care App - Apps on Google Play;https://play-lh.googleusercontent.com/LkgC7JaDGBXUlPLe1c7Bt7ALLaTpr2q2ZNqhzwQrL4I2rPpnJbTc7cQcU-mkIvSYwYuk=s48-rw;OncoBuddy is a mobile application designed to support cancer patients and caregivers throughout their cancer journey. The app provides a platform for users to connect with oncology professionals and other patients, offering access to expert advice and emotional support. OncoBuddy features tools for tracking symptoms, managing appointments, and organizing treatment schedules. It also offers educational resources to help users understand their diagnosis and treatment options. The app aims to improve communication between patients and healthcare providers, facilitate peer support, and empower patients with information and tools to manage their care more effectively.
OncoPower;Cancer Care and Support ;https://oncopower.org/;Web, Android & iOS;TRL 7;Cancer;OncoPower on the App Store;Oncopower – Aplicații pe Google Play;https://play-lh.googleusercontent.com/l1AKsiIK5oLuJVffHUUVtDESlqRZW1MjGdoqZ5ngAtv_uFxylUf2glQJ-qc2zJp7wg=w240-h480-rw;OncoPower is an oncology-focused app that supports cancer patients and their care teams by providing access to treatment information, clinical trials, and a community of peers. It offers features like medication tracking, symptom monitoring, and direct communication with healthcare professionals to enhance personalized cancer care and support.
One Drop;Health, Diabetes Management;https://onedrop.today/;Web, Android & iOS;9;Diabet;https://apps.apple.com/us/app/one-drop-better-health-today/id972238816 ;https://play.google.com/store/apps/details?id=today.onedrop.android&hl=en;https://play-lh.googleusercontent.com/VTNnx65PGcNribYolUtdx4UDdhov3oW_3Uz1EteW8MQFosa0cYoCi9tS82y4PQeAIQ=w240-h480-rw;It provides blood glucose monitoring, a food and activity log, and personalized advice.
Features: Synchronization with glucose meters, detailed analytics, coaching program.
OneTouch Reveal;Blood Glucose Tracking;https://onetouchreveal.com/;Web, Android & iOS;TRL 9;Diabet;OneTouch Reveal® app on the App Store;​OneTouch Reveal® app - Apps on Google Play;https://play-lh.googleusercontent.com/zCc4-hLJVwb_nVNVcO2ynYU9fT2L2umYCMWZ6OC5VaynC_J7bdvkz5rumrkRxKZ9P2w=w240-h480-rw;OneTouch Reveal is an app for managing diabetes, offering features to track blood glucose, medication, meals, and physical activity, with detailed reports and insights.
Oviva;Diabetes Management, Nutrition;https://oviva.com/global/en/;iOS, Android, Website;8;Cardio;https://apps.apple.com/gb/app/oviva/id899484812;https://play.google.com/store/apps/details?id=com.rementr&hl=en_US;https://play-lh.googleusercontent.com/wGzpeZwBZQti20W6JlT2KVINznP8seh2rbkha885Pjtlr_tAdedJfSOeN-NCbsXw1Gc=w240-h480-rw;Digital health app focusing on dietary advice and management for diabetes and weight control.
Owise;Health and Cancer Care;https://owise.uk/;Web, Android & iOS;8;Cancer;https://apps.apple.com/us/app/owise-breast-cancer-support/id558158100;https://play.google.com/store/apps/details?id=nl.onesixty.owise&hl=ro;https://play-lh.googleusercontent.com/_1PJ5vRwsbBdX8pBSyfykOFrf45Jc3iv3Cw190AHzLhuUAebOJ5b3w1j0UjmxZYUk0PK=w240-h480-rw;It offers personalized support for breast cancer patients.
Features: Treatment tracking, personalized reports, educational resources, connection with the medical team.
OWise Breast Cancer Support;Breast Cancer;https://owise.uk/;Web, Android & iOS;TRL 8;Cancer;https://apps.apple.com/us/app/owise-breast-cancer-support/id558158100;https://play.google.com/store/apps/details?id=nl.onesixty.owise;https://play-lh.googleusercontent.com/_1PJ5vRwsbBdX8pBSyfykOFrf45Jc3iv3Cw190AHzLhuUAebOJ5b3w1j0UjmxZYUk0PK=w240-h480-rw;The focuses on providing personalized support, information, and resources to help users manage their breast cancer journey more effectively.
OWise Prostate Cancer Support;Prostate Cancer;https://owise.uk/  ;Web, Android & iOS;TRL 7;Cancer;https://apps.apple.com/us/app/owise-prostate-cancer-support/id1536593910;https://play.google.com/store/apps/details?id=com.pxhealthcare.owise2.app  ;https://play-lh.googleusercontent.com/L0tNjIeLLFI7BAC23fG2ESy34WclYV_09xVQmB6PgGCE6xtyj4BtRDNR0VBdwj2SVGQ=w240-h480-rw;It provides personalized support, information, and resources tailored to help manage the complexities of prostate cancer care.
PEPID;medical source;https://pepid.com/;Windows, Android & iOS;TRL 9;Prevention;https://apps.apple.com/ph/app/pepid/id955554418;https://play.google.com/store/apps/details?id=pepid.android&hl=ro&gl=US;https://play-lh.googleusercontent.com/28nA3dQ0I8FMLIOuCz1qnck3OX4cpW1f4muFMgLWOWOyQiHhDcfRQVj_Zd6IkhBbbk1w=s48-rw;The leading app for evidence-based clinical and drug information resources for point-of-care decision making.
PTSD Coach;support;https://mobile.va.gov/app/ptsd-coach ;Web, Android & iOS;around TRL 9;Mental Health;https://apps.apple.com/us/app/ptsd-coach/id430646302 ;https://play.google.com/store/apps/details?id=is.vertical.ptsdcoach ;https://play-lh.googleusercontent.com/3p3YIB3T0npnkmtimRAndSlccCY1yp9R6Fh1o2l9-6tYiRsbchHT5hsGXn7huhYRkg=w240-h480-rw ;It is a mobile app developed by the U.S. Department of Veterans Affairs and the Department of Defense. It is designed to provide support and resources for individuals dealing with Post-Traumatic Stress Disorder (PTSD). The app is intended for veterans, active duty service members, and others affected by trauma, but can be beneficial for anyone experiencing PTSD symptoms.
PulsePoint Respond;emergency response enhancement;https://www.pulsepoint.org/pulsepoint-respond ;Web, Android & iOS;between TRL 8 & TRL 9;Cardio;https://apps.apple.com/us/app/pulsepoint-respond/id500772134 ;https://play.google.com/store/apps/details?id=mobi.firedepartment ;https://play-lh.googleusercontent.com/7_SMsQt34q_BgtRVZgx3f5GYqc8A0wnrMxdOQ15FbX6AVN58AMjLfAIWyVm2wN-ZgQ=s48-rw ;It is a mobile app designed to enhance community response to cardiac emergencies by connecting trained individuals with real-time emergency situations. Developed by the PulsePoint Foundation, the app aims to improve survival rates for sudden cardiac arrest (SCA) by leveraging community resources and technology.
Qardio;range of smart health monitoring devices;https://www.qardio.com/ ;Web, Android & iOS;TRL 8;Cardio;https://apps.apple.com/us/app/qardio-heart-health/id855275752 ;https://play.google.com/store/apps/details?id=com.getqardio.android ;https://play-lh.googleusercontent.com/tgD7ERyGX9J9VIO9VgPlbCPZHrWre64xXQXOsYe6GcIllUw0eTN93GjZz0_ISZgHomE=s48-rw ;It is a digital health company that offers a range of connected health devices and a comprehensive app to help users monitor and manage their cardiovascular health.
Reflectly;support;https://reflectly.app/ ;Web, Android & iOS;around TRL 9;Mental Health;https://apps.apple.com/us/app/reflectly-journal-ai-diary/id1241229134 ;https://play.google.com/store/apps/details?id=com.reflectlyApp ;https://play-lh.googleusercontent.com/lxYw_9uUDkLSKdRhlAuSf0Pzrfzl9eUIFMwZ2O67XS9ujERjmSrkLbZDKyak_fMOtB0=w240-h480-rw ;It is a journaling app that uses artificial intelligence to help users reflect on their daily experiences and improve their mental well-being.
Remente;Mental Health, Self-Improvement;https://www.remente.com/;iOS, Android, Website;8;Mental Health;https://apps.apple.com/ro/app/remente-self-care-wellbeing/id961633456?l=ro;https://play.google.com/store/apps/details?id=com.remente.app&hl=ro;https://play-lh.googleusercontent.com/8OinW-77LBJIvELycMeGVU7Bp2gcKWjNNAlJ6weqNTe7tMvJc4hg5MPrUBrKnDFLZEoC=w240-h480-rw;Personal development and mental well-being app.
RunKeeper;activity tracking, performance metrics, goal setting and training plans;https://runkeeper.com/cms/ ;Web, Android & iOS;between TRL 8 & TRL 9;Prevention;https://apps.apple.com/us/app/asics-runkeeper-run-tracker/id300235330 ;https://play.google.com/store/apps/details?id=com.fitnesskeeper.runkeeper.pro ;https://play-lh.googleusercontent.com/6E8NcQQijI7tPgtkBcZ8OnES_jVsrEdLpC_mH_1kGQRAb3uSzKUp8HxiGTqnUXucaa4=s48-rw ;It is a popular mobile app designed for tracking running, walking, and other fitness activities. Developed by ASICS, RunKeeper helps users monitor their workouts, set fitness goals, and improve their performance over time.
SkinVision ;Skin Cancer Melanome Detection;https://www.skinvision.com/;Web, Android & iOS;TRL 9;Cancer;SkinVision - Find Skin Cancer on the App Store;SkinVision - Find Skin Cancer - Apps on Google Play;https://is1-ssl.mzstatic.com/image/thumb/Purple221/v4/b1/06/02/b10602c3-ca82-e9f4-d4b7-18d1c802edbf/AppIcon-1x_U007emarketing-0-5-0-0-sRGB-85-220-0.png/246x0w.webp;SkinVision is an app that uses AI to assess skin images for signs of skin cancer. It provides users with risk assessments and guidance on whether to seek medical evaluation, helping with early detection and monitoring of skin conditions.
Sleep Cycle;sleep tracking and analysis, smart alarm, sleep quality analysis;https://www.sleepcycle.com/;Web, Android & iOS;TRL 9;Prevention;https://apps.apple.com/us/app/sleep-cycle-tracker-sounds/id320606217;https://play.google.com/store/apps/details?id=com.northcube.sleepcycle ;https://play-lh.googleusercontent.com/dar3zPlTbJYfHtH0hG4WOOK28ujJTj5kz51SwDuZc-HrmSgjZyavEDY_k4jmiJ9QwFo=w240-h480-rw ;It is a mobile app designed to improve sleep quality by tracking sleep patterns and waking users during the lightest sleep phase. Developed by Sleep Cycle AB, the app uses advanced algorithms to analyze sleep data and provide personalized insights and recommendations for better sleep.
Sleepio;insomnia;https://www.sleepio.com/sleepio/welcomeint/400#1/1;iOS, Android, Website;8;Mental Health;https://apps.apple.com/gb/app/sleepio/id1538191784;https://play.google.com/store/apps/details?id=com.bighealth.sleepio.platgen.production&hl=en;https://play-lh.googleusercontent.com/3W4aUFgGELH7teHXDg4kFrd8bpmK7_s-06ciJFuGQFRMm2Oi96T8TUlqve5A8dFQPw=w240-h480-rw;Digital sleep improvement program based on cognitive behavioral therapy for insomnia.
SmartBP;blood rressure monitoring and management;https://smartbusinessplan.de/;Web, Android & iOS;around TRL 9;Cardio;https://apps.apple.com/us/app/blood-pressure-app-smartbp/id519076558 ;https://play.google.com/store/apps/details?id=com.smartbloodpressure ;https://play-lh.googleusercontent.com/rHs56Ux0AaHFJ-sM6P4kM0QUEWp66QK_cpQROuJSzaUd6u53hhBdKxC7h6m4kMWGUGE=w240-h480-rw ;It is a mobile application designed to help users monitor and manage their blood pressure and overall cardiovascular health. It provides a user-friendly interface for tracking blood pressure readings, managing hypertension, and obtaining insights into cardiovascular health.
Smiling Mind;mental improvement;https://www.smilingmind.com.au/ ;Web, Android & iOS;TRL 8;Mental Health;https://apps.apple.com/us/app/smiling-mind-mental-wellbeing/id560442518 ;https://play.google.com/store/apps/details?id=com.smilingmind.app ;https://play-lh.googleusercontent.com/ZAgimOBpVSH0F1ktn2W5R-9npvPJIfwUxKLOCNUeCWxQORRZOYYPp1xkJveRmRwS8Q=w240-h480-rw ;It is a mental health and well-being app designed to provide mindfulness and meditation practices aimed at improving mental health and emotional well-being. Developed by a non-profit organization in Australia, it offers a range of tools and programs suitable for different age groups, including children, adolescents, and adults.
SocialDiabetes;Assist individuals in managing their diabetes;https://www.socialdiabetes.com/ ;Web & Android;TRL 8;Diabet;-;https://play.google.com/store/apps/details?id=com.socialdiabetes.android  ;https://play-lh.googleusercontent.com/YHOXKgwyXC9IJo0xsnCmrCi4RvRcmUI_bhfGcTjoS8c-Qd0DKG-po2d9_wmXBnzqJA=s48-rw  ;The app provides tools for tracking blood glucose levels, medication, diet, and physical activity. It also offers data analysis and insights to help users understand their health trends and make informed decisions.
somnio;Nonorganic insomnia, Difficulty falling asleep and staying asleep;https://app.somn.io/;Android & iOS & web app;TRL 8;Mental Health;https://apps.apple.com/de/app/somnio/id1523016446;https://play.google.com/store/apps/details?id=de.mementor.somnio;https://play-lh.googleusercontent.com/Wk0NivRleYfSzGFFg2LDHGeEJ9VTb_zxlp2LyHpPxt9J807tS36LqM0daTrzd4YmzSA=w240-h480-rw;somnio is the first prescription app approved for insomnia patients.
Strava;activity tracking, training and analysis;https://www.strava.com/ ;Web, Android & iOS;between TRL 8 & TRL 9;Prevention;https://apps.apple.com/us/app/strava-run-bike-hike/id426826309 ;https://play.google.com/store/apps/details?id=com.strava ;https://play-lh.googleusercontent.com/j-ZV144PlVuTVsLuBzIKyEw9CbFnmWw9ku2NJ1ef0gZJh-iiIN1nrNPmAtvgAteyDqU=w240-h480-rw ;It is a comprehensive social network and platform for athletes, particularly those engaged in running and cycling. It provides a suite of tools for tracking, analyzing, and sharing workouts, fostering a vibrant community of fitness enthusiasts.
SuperBetter;support;https://superbetter.com/ ;Web, Android & iOS;TRL 8;Mental Health;https://apps.apple.com/us/app/superbetter-mental-health/id536634968 ;https://play.google.com/store/apps/details?id=com.superbetter.paid ;https://play-lh.googleusercontent.com/_7zjhBIJp4fwgGkvamHxKwQqUS1LkriXvYWqae8N_72_qOy6poFq1Vergk2ElNQy0w=w240-h480-rw ;It is a unique mental health and well-being app that uses gameful principles to help users build resilience, manage challenges, and achieve personal goals. Developed by Jane McGonigal, a game designer and author known for her work on the psychology of gaming, SuperBetter employs elements of game design to encourage positive behavior changes and improve mental health.
Talkspace Therapy & Counseling;online therapy;https://www.talkspace.com/;Web, Android & iOS;around TRL 9;Mental Health;https://apps.apple.com/us/app/talkspace-therapy-and-support/id661829386;https://play.google.com/store/apps/details?id=com.talkspace.talkspaceapp&hl=en_US;https://play-lh.googleusercontent.com/9iGhFnz0VY9Mq2Hh8yBFYwiKr0VohJLFlJIHiI_7uWgP4zdCAlDjC8sEAON__yNwaicW=w240-h480-rw;Get matched with a licensed therapist in your state from the comfort of your device and message via text, audio, and video.
Teladoc Health;communication with doctors;https://www.teladochealth.com/;Web, Android & iOS;around TRL 9;Prevention;https://apps.apple.com/us/app/teladoc-health-telehealth/id656872607?mt=8;https://play.google.com/store/apps/details?id=com.teladoc.members&hl=en_US;https://play-lh.googleusercontent.com/NE0V0xBb33K-7U_I55f2uWZDXTpP8ZUaD0kHhpb__3DU0g2qNOveDnMm5IRRdJN_FwQ=w240-h480-rw;You’ll find what you need to get well—like 24/7 care—alongside primary care, therapy and programs proven to keep you well.
The Cancer Coach ;Symptoms Tracking and Support ;https://www.thecancercoach.org/programmes/;Web, Android & iOS;TRL 9;Cancer;The Cancer Coach on the App Store;The Cancer Coach - Apps on Google Play;https://play-lh.googleusercontent.com/Xh6ny3coxDS5OFPLYPo30yTAgzMsCgJRFPKmanrb0sPzSLcCqOxozUTRu-yHPwP0T7IR=w240-h480-rw;My Cancer Coach is an app that provides personalized cancer information based on the user's specific diagnosis. It offers educational resources, treatment tracking, and tools for managing side effects, helping patients navigate their cancer journey with tailored support.
Tidepool;Health, Diabetes Management;https://www.tidepool.org/;Web, Android & iOS;8;Diabet ;https://apps.apple.com/us/app/tidepool-mobile/id1026395200 ;https://play.google.com/store/apps/details?id=io.tidepool.urchin&hl=en_US ;https://play-lh.googleusercontent.com/2BB9JTkmaC9dT2HFoxP3WauAgxh-2md2mN4hO1XxHz9LnR1hj8kriR1JW11EzjLoHXXL=w240-h480-rw;It offers an open-source platform for diabetes monitoring, integrating data from various devices.
Features: Synchronization with insulin pumps, CGMs, and glucose meters; detailed reports.
Untire;Malignant neoplasm of the mammary gland [mamma];-;Android & iOS;TRL 8;Cancer;https://apps.apple.com/de/app/untire-ersch%C3%B6pfung-und-krebs/id1600227045;https://play.google.com/store/apps/details?id=com.tiredofcancer.de;https://play-lh.googleusercontent.com/NK236mnHTCXh_krGPMZyuM6FyZICiyj4Pg7LFjEW9RKcJdQAlSZv67UgwC1jTYkn0g=w240-h480-rw;Anointing is a solution for cancer fatigue. The program will help you regain your energy and reduce your fatigue.
UpToDate;medical source;https://www.wolterskluwer.com/en/solutions/uptodate/uptodate/mobile;Web, Android & iOS;TRL 9;Prevention;https://apps.apple.com/us/app/uptodate/id334265345?ign-mpt=uo%3D4;https://play.google.com/store/apps/details?id=com.uptodate.android;https://play-lh.googleusercontent.com/3wd1KjbgZpmS6ya09i62jvkRzRXPoEGWSMldomWiUbiNfEecTtBi-ZO2tbv_cdo9Rdg=w240-h480-rw;UpToDate is the leading clinical decision support resource for evidence-based clinical information.
velibra;Agoraphobia: With panic disorder, Social phobias, Panic disorder [episodic paroxysmal anxiety], Generalized anxiety disorder;https://de.velibra.com/;Web app;TRL 8;Mental Health;-;-;https://diga.bfarm.de/images/velibra.png;Developed by doctors and psychotherapists, velibra uses cognitive behavioral therapy approaches to help you live better with your fears.
VisualDx;diagnostic;https://www.visualdx.com/about-visualdx/;Web, Android & iOS;TRL 8;Prevention;https://apps.apple.com/us/app/visualdx/id348177521;https://play.google.com/store/apps/details?id=com.visualdx.android&hl=en_US;https://play-lh.googleusercontent.com/iPscSojtyX4KtwQKiTkyjLELw8zf5padpRXb_F2QqUfoVHlh1P46AnoJahLKUZ-tKRA=w240-h480-rw;VisualDx is a visual reference tool for medical professionals that leverages AI technology and a comprehensive image atlas to improve medical decision-making worldwide.
vorvida;Mental and behavioral disorders caused by alcohol: Harmful use, Mental and behavioral disorders caused by alcohol: dependence syndrome;https://de.vorvida.com/;Web app;TRL 8;Mental Health;-;-;https://digitalepatientenhilfe.de/wp-content/uploads/2023/03/VorvidaLogo.png;vorvida is your online companion that supports you in dealing with alcohol consciously.
VOS: Mental Health, AI Therapy ;Mental Health ;https://vos.health/en/;Web, Android & iOS;TRL 7;Mental Health;VOS: Mental Health, AI Therapy on the App Store;VOS: Mental Health, AI Therapy - Apps on Google Play;https://is1-ssl.mzstatic.com/image/thumb/Purple211/v4/67/9f/27/679f2788-ca9b-8081-995e-6687edf5016f/AppIcon-original-0-0-1x_U007epad-0-85-220.png/246x0w.webp;VOS: Mental Health, AI Therapy is an advanced digital platform that utilizes artificial intelligence to provide personalized mental health support and therapy. It offers AI-driven conversations, self-help tools, and therapeutic exercises designed to assist users in managing their mental well-being. The app aims to deliver tailored, accessible therapy and emotional support through intelligent, adaptive interactions.
WaterMinder;hydration tracking, reminders and notifications;https://waterminder.com/ ;Web, Android & iOS;between TRL 8 & TRL 9;Prevention;https://apps.apple.com/us/app/water-tracker-by-waterminder/id653031147 ;https://play.google.com/store/apps/details?id=com.funnmedia.waterminder ;https://play-lh.googleusercontent.com/yjV-py7NP4xnXGt58J8S8jTOWyl1Ztv30tE4Q5awLFjmpZuv7ThiYwh3O6bt243c-A=w240-h480-rw ;It is an app designed to help users track and manage their daily water intake to ensure proper hydration. It offers a range of features aimed at encouraging users to meet their hydration goals and maintain a healthy lifestyle.
WebMD;Medical Resource App;https://www.webmd.com/;Web, Android & iOS;around TRL 9;Prevention;https://apps.apple.com/us/app/webmd-symptom-checker/id295076329;https://play.google.com/store/apps/details?id=com.webmd.android&hl=en_US;https://play-lh.googleusercontent.com/Wg9aaBdA6X4IagSnb4b8en4XxYgiR0X5ZGCokNwRbhky8sd_ZQdjorvQBk9Sb63pDUQ=w240-h480-rw;Coronavirus / COVID-19 Outbreak: Tap the card on our home screen for the latest updates on the 2020 coronavirus outbreak.
Wellframe;care management and coordination, chronic disease management;https://www.wellframe.com/ ;Web & iOS;between TRL 8 & TRL 9;Cardio;https://apps.apple.com/us/app/wellframe/id578550282 ;-;https://is1-ssl.mzstatic.com/image/thumb/Purple221/v4/b1/af/c5/b1afc5b9-6249-012c-1fa4-6bb7d06d60be/AppIcon-1x_U007emarketing-0-0-0-10-0-0-85-220-0.png/230x0w.webp ;It offers a mobile and web-based platform aimed at improving the management of chronic conditions, patient engagement, and care coordination. It is designed to provide patients with tools and support to better manage their health while facilitating communication between patients and healthcare providers.
Welltory: Heart Rate Monitor;heart monitoring;https://welltory.com/;Web, Android & iOS;around TRL 9;Cardio;https://apps.apple.com/us/app/welltory-heart-rate-monitor/id1074367771;https://play.google.com/store/apps/details?id=com.welltory.client.android;https://is1-ssl.mzstatic.com/image/thumb/Purple221/v4/af/32/77/af3277f9-6fb8-29e9-c312-444f85292ecb/AppIcon_free-0-0-1x_U007ephone-0-0-85-220.png/246x0w.webp;Stress Level, BP & HRV Tracker.
Withings Health Mate;Cardiovascular Health;https://account.withings.com/new_workflow/login?r=https%3A%2F%2Fhealthmate.withings.com%2F&appname=hmw;Web, Android  & iOS;9;Cardio;https://apps.apple.com/us/app/withings-health-mate/id542701020;https://play.google.com/store/apps/details?id=com.withings.wiscale2&hl=en;https://play.google.com/store/apps/details?id=com.withings.wiscale2&hl=en;Withings Health Mate works with Withings devices to monitor blood pressure, heart rate, and other aspects of health. The app provides detailed reports and offers advice for improving cardiovascular health.
Woebot Health;Mental Health, with a Focus on Digital Therapy and Emotional Support;https://woebothealth.com/;Web, Android & iOS;9;Mental Health;https://apps.apple.com/us/app/woebot-the-mental-health-ally/id1305375832;https://play.google.com/store/apps/details?id=com.woebot&hl=ro;https://play-lh.googleusercontent.com/_QF1LrB8D9xbYBVjjgKdWV5bSahpPOmMRUQ0NPrYuzq4eKHwkKZ_PE2aD8w6rsbwBA=w240-h480-rw;An AI chatbot that provides emotional support and CBT-based techniques.
Features: Daily conversations for mood tracking, CBT-based exercises, mental health resources.
Wysa;Anxiety, therapy chatbot;https://www.wysa.com/;Web, Android & iOS;TRL 9;Mental Health;https://apps.apple.com/us/app/wysa-mental-health-support/id1166585565;https://play.google.com/store/apps/details?id=bot.touchkin&hl=en_US;https://play-lh.googleusercontent.com/_2t27Nwv0sJgq3XsUCP-haxf0C17xzIEVtO4Pfrp_cSJG-VJAWzIC0DAlVF2kEx8ol2M=s48-rw;Wysa is packed with daily spiritual meditation that improves mental health and is also a perfect way to bond over family meditation.
YAZIO;calorie and nutrition tracking, health insights and reports;https://www.yazio.com/en ;Web, Android & iOS;around TRL 9;Prevention;https://apps.apple.com/us/app/yazio-calorie-counter-diet/id946099227 ;https://play.google.com/store/apps/details?id=com.yazio.android;https://play-lh.googleusercontent.com/0lsA4kpphpaGgnA_MC_eNgC7VYtO9oXxblx_TPK8rRjpeWDDf_791wNUh5aOKJkR8Q=w240-h480-rw ;It is a diet and lifestyle management app that helps users achieve their health and fitness goals by tracking their nutrition, physical activities, and other aspects of well-being.
Youper;support;https://www.youper.ai/ ;Web, Android & iOS;TRL 8;Mental Health;https://apps.apple.com/us/app/youper-cbt-therapy-chatbot/id1060691513 ;https://play.google.com/store/apps/details?id=br.com.youper ;https://play-lh.googleusercontent.com/_0v_dDm_VqcAPfFbWlga7HhFftNVr2D-SIPaULwbbgi4OT-gAOHoa6Nw6EbFUmHtDI0=w240-h480-rw ;It is a mental health app designed to help users manage their emotional well-being through conversational AI and therapeutic exercises.
ZenOnco Cancer Care;Providing comprehensive services and resources;https://zenonco.io/  ;Web & Android;around TRL 8;Cancer;-;https://play.google.com/store/apps/details?id=com.zenonco.cancer  ;https://play-lh.googleusercontent.com/mDd_tmMsxN7PIQUqG8pvTU62toas04smYalTtyoDr7Yl0AYNIIGCOfLZ1SK8AzWsW7N-=w240-h480-rw  ;It is an integrated cancer care platform designed to support cancer patients by providing comprehensive services and resources. It aims to enhance the overall cancer care experience through a combination of medical support, wellness programs, and patient empowerment tools.
Zocdoc;Appointment Scheduling, Telemedicine;https://www.zocdoc.com/;iOS, Android, Website;9;Prevention;https://apps.apple.com/us/app/zocdoc-find-and-book-doctors/id391062219;https://play.google.com/store/apps/details?id=com.zocdoc.android&hl=en;https://play-lh.googleusercontent.com/42anC5ob40AL7gQHRR7YDa0FhBOqqybtQ-HJEfRvTBbbS0Zy9Hd4RwqPNdZzy7s_CLU=s48-rw;Find doctors and book appointments online.
